{
    "V1_V2": {
        "layer1": 0.087,
        "layer4": 0.08422
    },
    "PIT_FFC_VVC": {
        "layer1": -0.00207,
        "layer4": 0.01682
    }
}